<?xml version="1.0" encoding="UTF-8" ?>
<!DOCTYPE mapper PUBLIC "-//mybatis.org//DTD Mapper 3.0//EN" "http://mybatis.org/dtd/mybatis-3-mapper.dtd" >
<mapper namespace="com.credit.dao.UserMapper" >
  <resultMap id="BaseResultMap" type="com.credit.model.User" >
    <constructor >
      <idArg column="id" jdbcType="INTEGER" javaType="java.lang.Integer" />
      <arg column="name" jdbcType="VARCHAR" javaType="java.lang.String" />
      <arg column="password" jdbcType="VARCHAR" javaType="java.lang.String" />
      <arg column="role" jdbcType="VARCHAR" javaType="java.lang.String" />
    </constructor>
  </resultMap>
  <sql id="Base_Column_List" >
    id, name, password, role
  </sql>
  <select id="selectByPrimaryKey" resultMap="BaseResultMap" parameterType="java.lang.Integer" >
    select 
    <include refid="Base_Column_List" />
    from user
    where id = #{id,jdbcType=INTEGER}
  </select>
  <select id="selectByName" resultMap="BaseResultMap" parameterType="java.lang.String" >
    select
    <include refid="Base_Column_List" />
    from user
    where name = #{name,jdbcType=VARCHAR}
  </select>
  <select id="selectAll" resultMap="BaseResultMap">
    select * from user
  </select>
  <delete id="deleteByPrimaryKey" parameterType="java.lang.Integer" >
    delete from user
    where id = #{id,jdbcType=INTEGER}
  </delete>
  <insert id="insert" parameterType="com.credit.model.User" >
    insert into user (id, name, password, 
      role)
    values (#{id,jdbcType=INTEGER}, #{name,jdbcType=VARCHAR}, #{password,jdbcType=VARCHAR}, 
      #{role,jdbcType=VARCHAR})
  </insert>
  <insert id="insertSelective" parameterType="com.credit.model.User" >
    insert into user
    <trim prefix="(" suffix=")" suffixOverrides="," >
      <if test="id != null" >
        id,
      </if>
      <if test="name != null" >
        name,
      </if>
      <if test="password != null" >
        password,
      </if>
      <if test="role != null" >
        role,
      </if>
    </trim>
    <trim prefix="values (" suffix=")" suffixOverrides="," >
      <if test="id != null" >
        #{id,jdbcType=INTEGER},
      </if>
      <if test="name != null" >
        #{name,jdbcType=VARCHAR},
      </if>
      <if test="password != null" >
        #{password,jdbcType=VARCHAR},
      </if>
      <if test="role != null" >
        #{role,jdbcType=VARCHAR},
      </if>
    </trim>
  </insert>
  <update id="updateByPrimaryKeySelective" parameterType="com.credit.model.User" >
    update user
    <set >
      <if test="name != null" >
        name = #{name,jdbcType=VARCHAR},
      </if>
      <if test="password != null" >
        password = #{password,jdbcType=VARCHAR},
      </if>
      <if test="role != null" >
        role = #{role,jdbcType=VARCHAR},
      </if>
    </set>
    where id = #{id,jdbcType=INTEGER}
  </update>
  <update id="updateByPrimaryKey" parameterType="com.credit.model.User" >
    update user
    set name = #{name,jdbcType=VARCHAR},
      password = #{password,jdbcType=VARCHAR},
      role = #{role,jdbcType=VARCHAR}
    where id = #{id,jdbcType=INTEGER}
  </update>
</mapper>