<?xml version="1.0" encoding="UTF-8"?>  
<beans xmlns="http://www.springframework.org/schema/beans"  
    xmlns:xsi="http://www.w3.org/2001/XMLSchema-instance" xmlns:p="http://www.springframework.org/schema/p"  
    xmlns:context="http://www.springframework.org/schema/context"  
    xmlns:mvc="http://www.springframework.org/schema/mvc"  
    xsi:schemaLocation="http://www.springframework.org/schema/beans    
                        http://www.springframework.org/schema/beans/spring-beans-3.1.xsd    
                        http://www.springframework.org/schema/context    
                        http://www.springframework.org/schema/context/spring-context-3.1.xsd    
                        http://www.springframework.org/schema/mvc    
                        http://www.springframework.org/schema/mvc/spring-mvc-3.2.xsd">
    <!-- 自动扫描该包，使SpringMVC认为包下用了@controller注解的类是控制器 -->  
    <context:component-scan base-package="com.credit.controller" />
    <!-- 扩充了注解驱动，可以将请求参数绑定到控制器参数 -->
    <mvc:annotation-driven/>
    <!-- 启用spring mvc 注解 -->
    <context:annotation-config />
    <!-- 静态资源处理  css js imgs -->
    <!--<mvc:default-servlet-handler/>&lt;!&ndash;&lt;!&ndash;//用默认servlet处理&ndash;&gt;&ndash;&gt;-->
    <mvc:resources location="WEB-INF/image/" mapping="/image/**"/>
    <mvc:resources location="WEB-INF/js/" mapping="/js/**"/>

    <mvc:interceptors>
        <mvc:interceptor>
            <mvc:mapping path="/**"/>
            <mvc:exclude-mapping path="/"/>
            <mvc:exclude-mapping path="/index"/>
            <mvc:exclude-mapping path="/login"/>
            <mvc:exclude-mapping path="/forgetPwd"/>
            <mvc:exclude-mapping path="/image/**"/>
            <mvc:exclude-mapping path="/js/**"/>

            <bean class="com.credit.interceptor.SessionInterceptor"></bean>
        </mvc:interceptor>
    </mvc:interceptors>
    <!-- 配置文件上传，如果没有使用文件上传可以不用配置，当然如果不配，那么配置文件中也不必引入上传组件包 -->  
    <bean id="multipartResolver"    
        class="org.springframework.web.multipart.commons.CommonsMultipartResolver">    
        <!-- 默认编码 -->  
        <property name="defaultEncoding" value="utf-8" />    
        <!-- 文件大小最大值 -->  
        <property name="maxUploadSize" value="10485760000" />    
        <!-- 内存中的最大值 -->  
        <property name="maxInMemorySize" value="40960" />    
        <!-- 启用是为了推迟文件解析，以便捕获文件大小异常 -->
        <property name="resolveLazily" value="true"/>
    </bean>
    
   <!-- 定义跳转的文件的前后缀 ，视图模式配置-->  
    <bean class="org.springframework.web.servlet.view.InternalResourceViewResolver">  
        <!-- 这里的配置我的理解是自动给后面action的方法return的字符串加上前缀和后缀，变成一个 可用的url地址 -->  
        <property name="prefix" value="/WEB-INF/view/" />
        <property name="suffix" value=".jsp" />  
    </bean>  
</beans>  